date,arrivals
2009-04-01,308
2009-04-02,313
2009-04-03,289
2009-04-04,279
2009-04-05,279
2009-04-06,347
2009-04-07,298
2009-04-08,285
2009-04-09,293
2009-04-10,252
2009-04-11,273
2009-04-12,284
2009-04-13,310
2009-04-14,338
2009-04-15,301
2009-04-16,274
2009-04-17,304
2009-04-18,303
2009-04-19,276
2009-04-20,357
2009-04-21,294
2009-04-22,319
2009-04-23,304
2009-04-24,305
2009-04-25,264
2009-04-26,294
2009-04-27,322
2009-04-28,284
2009-04-29,318
2009-04-30,281
2009-05-01,309
2009-05-02,295
2009-05-03,320
2009-05-04,312
2009-05-05,346
2009-05-06,310
2009-05-07,305
2009-05-08,305
2009-05-09,292
2009-05-10,313
2009-05-11,318
2009-05-12,325
2009-05-13,310
2009-05-14,300
2009-05-15,281
2009-05-16,276
2009-05-17,260
2009-05-18,340
2009-05-19,308
2009-05-20,315
2009-05-21,311
2009-05-22,293
2009-05-23,300
2009-05-24,318
2009-05-25,318
2009-05-26,345
2009-05-27,279
2009-05-28,306
2009-05-29,297
2009-05-30,266
2009-05-31,304
2009-06-01,336
2009-06-02,322
2009-06-03,305
2009-06-04,317
2009-06-05,304
2009-06-06,298
2009-06-07,272
2009-06-08,353
2009-06-09,318
2009-06-10,293
2009-06-11,333
2009-06-12,297
2009-06-13,298
2009-06-14,298
2009-06-15,344
2009-06-16,301
2009-06-17,307
2009-06-18,306
2009-06-19,310
2009-06-20,305
2009-06-21,281
2009-06-22,380
2009-06-23,325
2009-06-24,317
2009-06-25,318
2009-06-26,285
2009-06-27,290
2009-06-28,324
2009-06-29,368
2009-06-30,312
2009-07-01,299
2009-07-02,335
2009-07-03,332
2009-07-04,309
2009-07-05,334
2009-07-06,370
2009-07-07,308
2009-07-08,296
2009-07-09,291
2009-07-10,317
2009-07-11,277
2009-07-12,318
2009-07-13,364
2009-07-14,335
2009-07-15,299
2009-07-16,290
2009-07-17,275
2009-07-18,290
2009-07-19,302
2009-07-20,361
2009-07-21,302
2009-07-22,288
2009-07-23,285
2009-07-24,272
2009-07-25,272
2009-07-26,311
2009-07-27,318
2009-07-28,282
2009-07-29,290
2009-07-30,289
2009-07-31,305
2009-08-01,269
2009-08-02,316
2009-08-03,325
2009-08-04,281
2009-08-05,293
2009-08-06,273
2009-08-07,278
2009-08-08,247
2009-08-09,274
2009-08-10,334
2009-08-11,270
2009-08-12,302
2009-08-13,287
2009-08-14,290
2009-08-15,278
2009-08-16,291
2009-08-17,318
2009-08-18,281
2009-08-19,253
2009-08-20,295
2009-08-21,271
2009-08-22,247
2009-08-23,259
2009-08-24,310
2009-08-25,284
2009-08-26,249
2009-08-27,276
2009-08-28,271
2009-08-29,255
2009-08-30,282
2009-08-31,271
2009-09-01,338
2009-09-02,253
2009-09-03,252
2009-09-04,288
2009-09-05,268
2009-09-06,316
2009-09-07,322
2009-09-08,280
2009-09-09,288
2009-09-10,282
2009-09-11,293
2009-09-12,255
2009-09-13,276
2009-09-14,314
2009-09-15,317
2009-09-16,277
2009-09-17,316
2009-09-18,279
2009-09-19,258
2009-09-20,306
2009-09-21,352
2009-09-22,324
2009-09-23,277
2009-09-24,299
2009-09-25,285
2009-09-26,290
2009-09-27,304
2009-09-28,339
2009-09-29,318
2009-09-30,282
2009-10-01,317
2009-10-02,286
2009-10-03,281
2009-10-04,325
2009-10-05,366
2009-10-06,257
2009-10-07,297
2009-10-08,300
2009-10-09,300
2009-10-10,312
2009-10-11,320
2009-10-12,344
2009-10-13,310
2009-10-14,299
2009-10-15,306
2009-10-16,271
2009-10-17,278
2009-10-18,287
2009-10-19,353
2009-10-20,307
2009-10-21,295
2009-10-22,283
2009-10-23,267
2009-10-24,238
2009-10-25,330
2009-10-26,330
2009-10-27,287
2009-10-28,316
2009-10-29,274
2009-10-30,264
2009-10-31,275
2009-11-01,279
2009-11-02,315
2009-11-03,287
2009-11-04,292
2009-11-05,345
2009-11-06,291
2009-11-07,275
2009-11-08,280
2009-11-09,304
2009-11-10,284
2009-11-11,271
2009-11-12,302
2009-11-13,280
2009-11-14,245
2009-11-15,306
2009-11-16,299
2009-11-17,296
2009-11-18,314
2009-11-19,318
2009-11-20,283
2009-11-21,247
2009-11-22,283
2009-11-23,313
2009-11-24,319
2009-11-25,283
2009-11-26,257
2009-11-27,267
2009-11-28,267
2009-11-29,296
2009-11-30,297
2009-12-01,309
2009-12-02,295
2009-12-03,279
2009-12-04,288
2009-12-05,292
2009-12-06,302
2009-12-07,326
2009-12-08,273
2009-12-09,289
2009-12-10,284
2009-12-11,289
2009-12-12,251
2009-12-13,276
2009-12-14,297
2009-12-15,276
2009-12-16,277
2009-12-17,249
2009-12-18,203
2009-12-19,221
2009-12-20,327
2009-12-21,377
2009-12-22,266
2009-12-23,457
2009-12-24,290
2009-12-25,216
2009-12-26,297
2009-12-27,313
2009-12-28,326
2009-12-29,298
2009-12-30,257
2009-12-31,233
2010-01-01,319
2010-01-02,303
2010-01-03,270
2010-01-04,285
2010-01-05,240
2010-01-06,190
2010-01-07,264
2010-01-08,286
2010-01-09,267
2010-01-10,269
2010-01-11,277
2010-01-12,273
2010-01-13,242
2010-01-14,243
2010-01-15,262
2010-01-16,243
2010-01-17,271
2010-01-18,330
2010-01-19,306
2010-01-20,242
2010-01-21,283
2010-01-22,276
2010-01-23,258
2010-01-24,274
2010-01-25,300
2010-01-26,275
2010-01-27,251
2010-01-28,280
2010-01-29,273
2010-01-30,237
2010-01-31,320
2010-02-01,323
2010-02-02,294
2010-02-03,271
2010-02-04,294
2010-02-05,298
2010-02-06,275
2010-02-07,293
2010-02-08,283
2010-02-09,265
2010-02-10,280
2010-02-11,252
2010-02-12,267
2010-02-13,291
2010-02-14,278
2010-02-15,304
2010-02-16,293
2010-02-17,297
2010-02-18,286
2010-02-19,238
2010-02-20,262
2010-02-21,281
2010-02-22,313
2010-02-23,272
2010-02-24,287
2010-02-25,292
2010-02-26,299
2010-02-27,268
2010-02-28,286
2010-03-01,335
2010-03-02,284
2010-03-03,292
2010-03-04,326
2010-03-05,323
2010-03-06,246
2010-03-07,300
2010-03-08,322
2010-03-09,308
2010-03-10,275
2010-03-11,288
2010-03-12,288
2010-03-13,276
2010-03-14,275
2010-03-15,339
2010-03-16,289
2010-03-17,306
2010-03-18,317
2010-03-19,271
2010-03-20,310
2010-03-21,327
2010-03-22,345
2010-03-23,304
2010-03-24,295
2010-03-25,303
2010-03-26,281
2010-03-27,288
2010-03-28,311
2010-03-29,303
2010-03-30,305
2010-03-31,272
2010-04-01,297
2010-04-02,289
2010-04-03,302
2010-04-04,324
2010-04-05,296
2010-04-06,341
2010-04-07,280
2010-04-08,312
2010-04-09,300
2010-04-10,302
2010-04-11,289
2010-04-12,338
2010-04-13,272
2010-04-14,287
2010-04-15,318
2010-04-16,311
2010-04-17,288
2010-04-18,292
2010-04-19,357
2010-04-20,321
2010-04-21,270
2010-04-22,310
2010-04-23,313
2010-04-24,328
2010-04-25,320
2010-04-26,365
2010-04-27,319
2010-04-28,307
2010-04-29,312
2010-04-30,314
2010-05-01,291
2010-05-02,276
2010-05-03,280
2010-05-04,311
2010-05-05,319
2010-05-06,321
2010-05-07,294
2010-05-08,289
2010-05-09,311
2010-05-10,363
2010-05-11,309
2010-05-12,333
2010-05-13,342
2010-05-14,298
2010-05-15,296
2010-05-16,281
2010-05-17,348
2010-05-18,307
2010-05-19,339
2010-05-20,320
2010-05-21,324
2010-05-22,286
2010-05-23,297
2010-05-24,337
2010-05-25,361
2010-05-26,326
2010-05-27,312
2010-05-28,299
2010-05-29,309
2010-05-30,320
2010-05-31,313
2010-06-01,317
2010-06-02,294
2010-06-03,314
2010-06-04,303
2010-06-05,302
2010-06-06,332
2010-06-07,367
2010-06-08,289
2010-06-09,296
2010-06-10,282
2010-06-11,283
2010-06-12,279
2010-06-13,294
2010-06-14,323
2010-06-15,316
2010-06-16,298
2010-06-17,297
2010-06-18,259
2010-06-19,308
2010-06-20,289
2010-06-21,338
2010-06-22,279
2010-06-23,301
2010-06-24,315
2010-06-25,304
2010-06-26,292
2010-06-27,328
2010-06-28,358
2010-06-29,340
2010-06-30,304
2010-07-01,288
2010-07-02,320
2010-07-03,283
2010-07-04,319
2010-07-05,308
2010-07-06,274
2010-07-07,304
2010-07-08,308
2010-07-09,328
2010-07-10,304
2010-07-11,325
2010-07-12,384
2010-07-13,337
2010-07-14,303
2010-07-15,291
2010-07-16,295
2010-07-17,289
2010-07-18,291
2010-07-19,335
2010-07-20,308
2010-07-21,315
2010-07-22,324
2010-07-23,298
2010-07-24,292
2010-07-25,319
2010-07-26,349
2010-07-27,304
2010-07-28,295
2010-07-29,295
2010-07-30,280
2010-07-31,304
2010-08-01,315
2010-08-02,325
2010-08-03,312
2010-08-04,268
2010-08-05,301
2010-08-06,245
2010-08-07,305
2010-08-08,317
2010-08-09,350
2010-08-10,303
2010-08-11,299
2010-08-12,314
2010-08-13,305
2010-08-14,274
2010-08-15,324
2010-08-16,328
2010-08-17,282
2010-08-18,259
2010-08-19,269
2010-08-20,275
2010-08-21,282
2010-08-22,307
2010-08-23,310
2010-08-24,279
2010-08-25,283
2010-08-26,264
2010-08-27,264
2010-08-28,287
2010-08-29,302
2010-08-30,307
2010-08-31,318
2010-09-01,302
2010-09-02,313
2010-09-03,259
2010-09-04,302
2010-09-05,278
2010-09-06,300
2010-09-07,287
2010-09-08,297
2010-09-09,261
2010-09-10,279
2010-09-11,299
2010-09-12,299
2010-09-13,342
2010-09-14,272
2010-09-15,302
2010-09-16,302
2010-09-17,258
2010-09-18,312
2010-09-19,296
2010-09-20,330
2010-09-21,289
2010-09-22,285
2010-09-23,314
2010-09-24,306
2010-09-25,293
2010-09-26,321
2010-09-27,334
2010-09-28,299
2010-09-29,316
2010-09-30,277
2010-10-01,297
2010-10-02,291
2010-10-03,303
2010-10-04,309
2010-10-05,304
2010-10-06,319
2010-10-07,298
2010-10-08,328
2010-10-09,313
2010-10-10,328
2010-10-11,332
2010-10-12,329
2010-10-13,312
2010-10-14,322
2010-10-15,310
2010-10-16,277
2010-10-17,325
2010-10-18,311
2010-10-19,295
2010-10-20,263
2010-10-21,288
2010-10-22,284
2010-10-23,224
2010-10-24,297
2010-10-25,305
2010-10-26,257
2010-10-27,301
2010-10-28,300
2010-10-29,270
2010-10-30,258
2010-10-31,330
2010-11-01,355
2010-11-02,299
2010-11-03,297
2010-11-04,318
2010-11-05,296
2010-11-06,249
2010-11-07,338
2010-11-08,355
2010-11-09,260
2010-11-10,281
2010-11-11,285
2010-11-12,258
2010-11-13,264
2010-11-14,304
2010-11-15,309
2010-11-16,282
2010-11-17,271
2010-11-18,294
2010-11-19,284
2010-11-20,256
2010-11-21,309
2010-11-22,356
2010-11-23,293
2010-11-24,311
2010-11-25,284
2010-11-26,272
2010-11-27,264
2010-11-28,304
2010-11-29,304
2010-11-30,258
2010-12-01,252
2010-12-02,208
2010-12-03,265
2010-12-04,349
2010-12-05,327
2010-12-06,321
2010-12-07,320
2010-12-08,281
2010-12-09,309
2010-12-10,287
2010-12-11,284
2010-12-12,321
2010-12-13,303
2010-12-14,302
2010-12-15,279
2010-12-16,256
2010-12-17,265
2010-12-18,273
2010-12-19,281
2010-12-20,307
2010-12-21,272
2010-12-22,274
2010-12-23,250
2010-12-24,259
2010-12-25,219
2010-12-26,290
2010-12-27,359
2010-12-28,341
2010-12-29,274
2010-12-30,247
2010-12-31,250
2011-01-01,341
2011-01-02,299
2011-01-03,329
2011-01-04,301
2011-01-05,278
2011-01-06,260
2011-01-07,269
2011-01-08,281
2011-01-09,270
2011-01-10,297
2011-01-11,273
2011-01-12,316
2011-01-13,273
2011-01-14,276
2011-01-15,269
2011-01-16,257
2011-01-17,302
2011-01-18,268
2011-01-19,286
2011-01-20,302
2011-01-21,255
2011-01-22,270
2011-01-23,277
2011-01-24,337
2011-01-25,273
2011-01-26,273
2011-01-27,294
2011-01-28,291
2011-01-29,278
2011-01-30,321
2011-01-31,317
2011-02-01,317
2011-02-02,280
2011-02-03,304
2011-02-04,266
2011-02-05,285
2011-02-06,310
2011-02-07,349
2011-02-08,289
2011-02-09,322
2011-02-10,274
2011-02-11,298
2011-02-12,300
2011-02-13,309
2011-02-14,309
2011-02-15,269
2011-02-16,299
2011-02-17,271
2011-02-18,286
2011-02-19,280
2011-02-20,316
2011-02-21,293
2011-02-22,277
2011-02-23,295
2011-02-24,320
2011-02-25,296
2011-02-26,332
2011-02-27,294
2011-02-28,338
2011-03-01,252
2011-03-02,282
2011-03-03,321
2011-03-04,266
2011-03-05,296
2011-03-06,335
2011-03-07,345
2011-03-08,307
2011-03-09,343
2011-03-10,346
2011-03-11,326
2011-03-12,326
2011-03-13,321
2011-03-14,357
2011-03-15,321
2011-03-16,330
2011-03-17,332
2011-03-18,299
2011-03-19,281
2011-03-20,350
2011-03-21,346
2011-03-22,302
2011-03-23,301
2011-03-24,323
2011-03-25,314
2011-03-26,320
2011-03-27,318
2011-03-28,347
2011-03-29,331
2011-03-30,287
2011-03-31,287
2011-04-01,317
2011-04-02,338
2011-04-03,342
2011-04-04,349
2011-04-05,292
2011-04-06,303
2011-04-07,317
2011-04-08,289
2011-04-09,287
2011-04-10,310
2011-04-11,343
2011-04-12,313
2011-04-13,289
2011-04-14,268
2011-04-15,296
2011-04-16,301
2011-04-17,326
2011-04-18,338
2011-04-19,297
2011-04-20,306
2011-04-21,304
2011-04-22,301
2011-04-23,304
2011-04-24,320
2011-04-25,316
2011-04-26,393
2011-04-27,332
2011-04-28,310
2011-04-29,301
2011-04-30,367
2011-05-01,325
2011-05-02,362
2011-05-03,373
2011-05-04,349
2011-05-05,331
2011-05-06,299
2011-05-07,291
2011-05-08,320
2011-05-09,344
2011-05-10,328
2011-05-11,306
2011-05-12,312
2011-05-13,309
2011-05-14,293
2011-05-15,329
2011-05-16,342
2011-05-17,332
2011-05-18,335
2011-05-19,340
2011-05-20,323
2011-05-21,306
2011-05-22,337
2011-05-23,321
2011-05-24,315
2011-05-25,315
2011-05-26,295
2011-05-27,274
2011-05-28,280
2011-05-29,362
2011-05-30,287
2011-05-31,285
2011-06-01,318
2011-06-02,322
2011-06-03,307
2011-06-04,334
2011-06-05,323
2011-06-06,333
2011-06-07,301
2011-06-08,317
2011-06-09,287
2011-06-10,286
2011-06-11,309
2011-06-12,261
2011-06-13,316
2011-06-14,298
2011-06-15,277
2011-06-16,294
2011-06-17,271
2011-06-18,265
2011-06-19,288
2011-06-20,320
2011-06-21,315
2011-06-22,295
2011-06-23,298
2011-06-24,288
2011-06-25,294
2011-06-26,322
2011-06-27,358
2011-06-28,333
2011-06-29,308
2011-06-30,329
2011-07-01,327
2011-07-02,303
2011-07-03,327
2011-07-04,390
2011-07-05,294
2011-07-06,301
2011-07-07,321
2011-07-08,286
2011-07-09,291
2011-07-10,310
2011-07-11,355
2011-07-12,331
2011-07-13,260
2011-07-14,309
2011-07-15,267
2011-07-16,268
2011-07-17,310
2011-07-18,311
2011-07-19,300
2011-07-20,289
2011-07-21,299
2011-07-22,288
2011-07-23,315
2011-07-24,326
2011-07-25,334
2011-07-26,323
2011-07-27,346
2011-07-28,282
2011-07-29,316
2011-07-30,248
2011-07-31,296
2011-08-01,315
2011-08-02,312
2011-08-03,295
2011-08-04,308
2011-08-05,266
2011-08-06,269
2011-08-07,314
2011-08-08,326
2011-08-09,311
2011-08-10,289
2011-08-11,282
2011-08-12,270
2011-08-13,288
2011-08-14,328
2011-08-15,328
2011-08-16,311
2011-08-17,320
2011-08-18,266
2011-08-19,278
2011-08-20,298
2011-08-21,323
2011-08-22,318
2011-08-23,259
2011-08-24,299
2011-08-25,258
2011-08-26,272
2011-08-27,307
2011-08-28,287
2011-08-29,308
2011-08-30,320
2011-08-31,261
2011-09-01,286
2011-09-02,289
2011-09-03,304
2011-09-04,322
2011-09-05,283
2011-09-06,255
2011-09-07,302
2011-09-08,304
2011-09-09,273
2011-09-10,287
2011-09-11,322
2011-09-12,299
2011-09-13,320
2011-09-14,298
2011-09-15,294
2011-09-16,330
2011-09-17,280
2011-09-18,317
2011-09-19,334
2011-09-20,309
2011-09-21,315
2011-09-22,318
2011-09-23,289
2011-09-24,325
2011-09-25,346
2011-09-26,336
2011-09-27,294
2011-09-28,311
2011-09-29,331
2011-09-30,328
2011-10-01,312
2011-10-02,369
2011-10-03,378
2011-10-04,322
2011-10-05,328
2011-10-06,331
2011-10-07,299
2011-10-08,313
2011-10-09,341
2011-10-10,369
2011-10-11,311
2011-10-12,295
2011-10-13,341
2011-10-14,315
2011-10-15,323
2011-10-16,316
2011-10-17,290
2011-10-18,303
2011-10-19,317
2011-10-20,296
2011-10-21,308
2011-10-22,303
2011-10-23,337
2011-10-24,306
2011-10-25,298
2011-10-26,292
2011-10-27,288
2011-10-28,289
2011-10-29,261
2011-10-30,326
2011-10-31,330
2011-11-01,325
2011-11-02,325
2011-11-03,325
2011-11-04,256
2011-11-05,303
2011-11-06,347
2011-11-07,348
2011-11-08,310
2011-11-09,342
2011-11-10,306
2011-11-11,284
2011-11-12,282
2011-11-13,316
2011-11-14,327
2011-11-15,305
2011-11-16,297
2011-11-17,321
2011-11-18,280
2011-11-19,292
2011-11-20,319
2011-11-21,331
2011-11-22,295
2011-11-23,283
2011-11-24,297
2011-11-25,295
2011-11-26,299
2011-11-27,354
2011-11-28,345
2011-11-29,294
2011-11-30,300
2011-12-01,332
2011-12-02,307
2011-12-03,286
2011-12-04,310
2011-12-05,320
2011-12-06,292
2011-12-07,346
2011-12-08,339
2011-12-09,310
2011-12-10,327
2011-12-11,348
2011-12-12,348
2011-12-13,310
2011-12-14,318
2011-12-15,310
2011-12-16,269
2011-12-17,315
2011-12-18,330
2011-12-19,305
2011-12-20,288
2011-12-21,296
2011-12-22,280
2011-12-23,261
2011-12-24,259
2011-12-25,247
2011-12-26,266
2011-12-27,342
2011-12-28,307
2011-12-29,281
2011-12-30,313
2011-12-31,256
2012-01-01,342
2012-01-02,310
2012-01-03,309
2012-01-04,251
2012-01-05,278
2012-01-06,302
2012-01-07,280
2012-01-08,307
2012-01-09,328
2012-01-10,301
2012-01-11,288
2012-01-12,298
2012-01-13,263
2012-01-14,245
2012-01-15,278
2012-01-16,303
2012-01-17,280
2012-01-18,290
2012-01-19,285
2012-01-20,293
2012-01-21,297
2012-01-22,317
2012-01-23,339
2012-01-24,295
2012-01-25,309
2012-01-26,285
2012-01-27,268
2012-01-28,282
2012-01-29,289
2012-01-30,313
2012-01-31,322
2012-02-01,304
2012-02-02,287
2012-02-03,265
2012-02-04,267
2012-02-05,295
2012-02-06,333
2012-02-07,317
2012-02-08,308
2012-02-09,261
2012-02-10,272
2012-02-11,278
2012-02-12,318
2012-02-13,319
2012-02-14,292
2012-02-15,318
2012-02-16,277
2012-02-17,310
2012-02-18,311
2012-02-19,331
2012-02-20,378
2012-02-21,305
2012-02-22,335
2012-02-23,311
2012-02-24,332
2012-02-25,303
2012-02-26,348
2012-02-27,369
2012-02-28,329
2012-02-29,330
2012-03-01,313
2012-03-02,309
2012-03-03,315
2012-03-04,323
2012-03-05,325
2012-03-06,295
2012-03-07,323
2012-03-08,337
2012-03-09,326
2012-03-10,314
2012-03-11,346
2012-03-12,383
2012-03-13,340
2012-03-14,332
2012-03-15,330
2012-03-16,342
2012-03-17,335
2012-03-18,342
2012-03-19,366
2012-03-20,334
2012-03-21,330
2012-03-22,332
2012-03-23,331
2012-03-24,321
2012-03-25,327
2012-03-26,378
2012-03-27,320
2012-03-28,318
2012-03-29,331
2012-03-30,313
2012-03-31,331
2012-04-01,278
2012-04-02,335
2012-04-03,317
2012-04-04,305
2012-04-05,311
2012-04-06,313
2012-04-07,315
2012-04-08,313
2012-04-09,300
2012-04-10,328
2012-04-11,341
2012-04-12,308
2012-04-13,313
2012-04-14,276
2012-04-15,343
2012-04-16,363
2012-04-17,280
2012-04-18,309
2012-04-19,290
2012-04-20,301
2012-04-21,312
2012-04-22,328
2012-04-23,322
2012-04-24,322
2012-04-25,301
2012-04-26,309
2012-04-27,320
2012-04-28,279
2012-04-29,280
2012-04-30,343
2012-05-01,333
2012-05-02,309
2012-05-03,324
2012-05-04,285
2012-05-05,294
2012-05-06,336
2012-05-07,344
2012-05-08,335
2012-05-09,295
2012-05-10,321
2012-05-11,345
2012-05-12,308
2012-05-13,311
2012-05-14,402
2012-05-15,295
2012-05-16,310
2012-05-17,337
2012-05-18,299
2012-05-19,300
2012-05-20,333
2012-05-21,328
2012-05-22,332
2012-05-23,319
2012-05-24,320
2012-05-25,295
2012-05-26,338
2012-05-27,342
2012-05-28,368
2012-05-29,343
2012-05-30,369
2012-05-31,363
2012-06-01,321
2012-06-02,300
2012-06-03,336
2012-06-04,369
2012-06-05,339
2012-06-06,341
2012-06-07,311
2012-06-08,293
2012-06-09,325
2012-06-10,308
2012-06-11,310
2012-06-12,316
2012-06-13,318
2012-06-14,324
2012-06-15,325
2012-06-16,329
2012-06-17,308
2012-06-18,384
2012-06-19,319
2012-06-20,332
2012-06-21,303
2012-06-22,319
2012-06-23,272
2012-06-24,299
2012-06-25,364
2012-06-26,368
2012-06-27,325
2012-06-28,326
2012-06-29,324
2012-06-30,307
2012-07-01,333
2012-07-02,332
2012-07-03,310
2012-07-04,298
2012-07-05,322
2012-07-06,304
2012-07-07,284
2012-07-08,303
2012-07-09,351
2012-07-10,314
2012-07-11,311
2012-07-12,293
2012-07-13,316
2012-07-14,321
2012-07-15,328
2012-07-16,366
2012-07-17,321
2012-07-18,332
2012-07-19,314
2012-07-20,306
2012-07-21,311
2012-07-22,327
2012-07-23,340
2012-07-24,331
2012-07-25,340
2012-07-26,334
2012-07-27,337
2012-07-28,330
2012-07-29,323
2012-07-30,330
2012-07-31,297
2012-08-01,321
2012-08-02,297
2012-08-03,307
2012-08-04,320
2012-08-05,334
2012-08-06,347
2012-08-07,306
2012-08-08,320
2012-08-09,311
2012-08-10,325
2012-08-11,328
2012-08-12,331
2012-08-13,364
2012-08-14,331
2012-08-15,330
2012-08-16,267
2012-08-17,351
2012-08-18,317
2012-08-19,344
2012-08-20,373
2012-08-21,335
2012-08-22,292
2012-08-23,298
2012-08-24,327
2012-08-25,306
2012-08-26,300
2012-08-27,335
2012-08-28,374
2012-08-29,304
2012-08-30,291
2012-08-31,305
2012-09-01,322
2012-09-02,341
2012-09-03,365
2012-09-04,336
2012-09-05,307
2012-09-06,309
2012-09-07,320
2012-09-08,291
2012-09-09,344
2012-09-10,337
2012-09-11,318
2012-09-12,306
2012-09-13,323
2012-09-14,300
2012-09-15,317
2012-09-16,347
2012-09-17,370
2012-09-18,313
2012-09-19,331
2012-09-20,350
2012-09-21,329
2012-09-22,327
2012-09-23,297
2012-09-24,360
2012-09-25,294
2012-09-26,308
2012-09-27,342
2012-09-28,319
2012-09-29,313
2012-09-30,337
2012-10-01,357
2012-10-02,342
2012-10-03,355
2012-10-04,326
2012-10-05,319
2012-10-06,354
2012-10-07,352
2012-10-08,369
2012-10-09,310
2012-10-10,337
2012-10-11,344
2012-10-12,318
2012-10-13,331
2012-10-14,343
2012-10-15,356
2012-10-16,335
2012-10-17,340
2012-10-18,325
2012-10-19,344
2012-10-20,331
2012-10-21,368
2012-10-22,350
2012-10-23,375
2012-10-24,353
2012-10-25,347
2012-10-26,268
2012-10-27,319
2012-10-28,376
2012-10-29,362
2012-10-30,301
2012-10-31,290
2012-11-01,327
2012-11-02,310
2012-11-03,322
2012-11-04,314
2012-11-05,360
2012-11-06,339
2012-11-07,306
2012-11-08,345
2012-11-09,360
2012-11-10,302
2012-11-11,329
2012-11-12,329
2012-11-13,331
2012-11-14,336
2012-11-15,303
2012-11-16,324
2012-11-17,293
2012-11-18,378
2012-11-19,353
2012-11-20,329
2012-11-21,339
2012-11-22,317
2012-11-23,323
2012-11-24,319
2012-11-25,338
2012-11-26,356
2012-11-27,354
2012-11-28,296
2012-11-29,315
2012-11-30,291
2012-12-01,313
2012-12-02,336
2012-12-03,353
2012-12-04,340
2012-12-05,316
2012-12-06,335
2012-12-07,277
2012-12-08,331
2012-12-09,366
2012-12-10,343
2012-12-11,298
2012-12-12,330
2012-12-13,312
2012-12-14,336
2012-12-15,314
2012-12-16,332
2012-12-17,339
2012-12-18,303
2012-12-19,285
2012-12-20,284
2012-12-21,313
2012-12-22,325
2012-12-23,330
2012-12-24,271
2012-12-25,238
2012-12-26,287
2012-12-27,284
2012-12-28,284
2012-12-29,329
2012-12-30,331
2012-12-31,257
2013-01-01,334
2013-01-02,317
2013-01-03,299
2013-01-04,330
2013-01-05,293
2013-01-06,318
2013-01-07,304
2013-01-08,288
2013-01-09,303
2013-01-10,296
2013-01-11,296
2013-01-12,263
2013-01-13,278
2013-01-14,280
2013-01-15,255
2013-01-16,277
2013-01-17,295
2013-01-18,214
2013-01-19,286
2013-01-20,299
2013-01-21,359
2013-01-22,320
2013-01-23,296
2013-01-24,317
2013-01-25,274
2013-01-26,290
2013-01-27,312
2013-01-28,338
2013-01-29,345
2013-01-30,324
2013-01-31,331
2013-02-01,335
2013-02-02,295
2013-02-03,333
2013-02-04,377
2013-02-05,330
2013-02-06,292
2013-02-07,288
2013-02-08,284
2013-02-09,301
2013-02-10,343
2013-02-11,379
2013-02-12,306
2013-02-13,335
2013-02-14,310
2013-02-15,342
2013-02-16,353
2013-02-17,359
2013-02-18,349
2013-02-19,302
2013-02-20,296
2013-02-21,300
2013-02-22,269
2013-02-23,322
2013-02-24,312
2013-02-25,325
2013-02-26,302
2013-02-27,329
2013-02-28,315
2013-03-01,307
2013-03-02,340
2013-03-03,351
2013-03-04,370
2013-03-05,314
2013-03-06,358
2013-03-07,320
2013-03-08,277
2013-03-09,308
2013-03-10,319
2013-03-11,325
2013-03-12,294
2013-03-13,297
2013-03-14,340
2013-03-15,302
2013-03-16,269
2013-03-17,344
2013-03-18,367
2013-03-19,309
2013-03-20,326
2013-03-21,298
2013-03-22,268
2013-03-23,299
2013-03-24,316
2013-03-25,331
2013-03-26,311
2013-03-27,303
2013-03-28,298
2013-03-29,314
2013-03-30,339
2013-03-31,314
2013-04-01,306
2013-04-02,349
2013-04-03,336
2013-04-04,324
2013-04-05,312
2013-04-06,326
2013-04-07,334
2013-04-08,378
2013-04-09,292
2013-04-10,324
2013-04-11,335
2013-04-12,311
2013-04-13,329
2013-04-14,327
2013-04-15,370
2013-04-16,359
2013-04-17,348
2013-04-18,318
2013-04-19,281
2013-04-20,333
2013-04-21,348
2013-04-22,338
2013-04-23,322
2013-04-24,331
2013-04-25,350
2013-04-26,311
2013-04-27,290
2013-04-28,344
2013-04-29,363
2013-04-30,335
2013-05-01,314
2013-05-02,334
2013-05-03,340
2013-05-04,339
2013-05-05,354
2013-05-06,357
2013-05-07,390
2013-05-08,313
2013-05-09,329
2013-05-10,330
2013-05-11,304
2013-05-12,338
2013-05-13,341
2013-05-14,302
2013-05-15,327
2013-05-16,340
2013-05-17,304
2013-05-18,322
2013-05-19,352
2013-05-20,350
2013-05-21,316
2013-05-22,303
2013-05-23,308
2013-05-24,283
2013-05-25,312
2013-05-26,327
2013-05-27,328
2013-05-28,305
2013-05-29,296
2013-05-30,339
2013-05-31,297
2013-06-01,335
2013-06-02,333
2013-06-03,330
2013-06-04,336
2013-06-05,323
2013-06-06,301
2013-06-07,286
2013-06-08,306
2013-06-09,352
2013-06-10,334
2013-06-11,322
2013-06-12,314
2013-06-13,306
2013-06-14,324
2013-06-15,320
2013-06-16,317
2013-06-17,376
2013-06-18,353
2013-06-19,319
2013-06-20,352
2013-06-21,309
2013-06-22,306
2013-06-23,319
2013-06-24,370
2013-06-25,321
2013-06-26,345
2013-06-27,326
2013-06-28,332
2013-06-29,324
2013-06-30,348
2013-07-01,390
2013-07-02,295
2013-07-03,333
2013-07-04,331
2013-07-05,322
2013-07-06,317
2013-07-07,337
2013-07-08,366
2013-07-09,332
2013-07-10,374
2013-07-11,328
2013-07-12,299
2013-07-13,330
2013-07-14,310
2013-07-15,361
2013-07-16,343
2013-07-17,323
2013-07-18,353
2013-07-19,345
2013-07-20,338
2013-07-21,346
2013-07-22,389
2013-07-23,337
2013-07-24,349
2013-07-25,301
2013-07-26,323
2013-07-27,324
2013-07-28,338
2013-07-29,351
2013-07-30,313
2013-07-31,344
2013-08-01,308
2013-08-02,350
2013-08-03,315
2013-08-04,299
2013-08-05,326
2013-08-06,317
2013-08-07,333
2013-08-08,277
2013-08-09,290
2013-08-10,275
2013-08-11,329
2013-08-12,329
2013-08-13,300
2013-08-14,320
2013-08-15,309
2013-08-16,334
2013-08-17,306
2013-08-18,323
2013-08-19,327
2013-08-20,319
2013-08-21,317
2013-08-22,323
2013-08-23,325
2013-08-24,309
2013-08-25,368
2013-08-26,322
2013-08-27,363
2013-08-28,323
2013-08-29,308
2013-08-30,338
2013-08-31,315
2013-09-01,308
2013-09-02,339
2013-09-03,285
2013-09-04,294
2013-09-05,319
2013-09-06,297
2013-09-07,302
2013-09-08,313
2013-09-09,318
2013-09-10,291
2013-09-11,301
2013-09-12,280
2013-09-13,301
2013-09-14,278
2013-09-15,289
2013-09-16,325
2013-09-17,326
2013-09-18,308
2013-09-19,294
2013-09-20,298
2013-09-21,326
2013-09-22,314
2013-09-23,386
2013-09-24,284
2013-09-25,334
2013-09-26,320
2013-09-27,345
2013-09-28,317
2013-09-29,345
2013-09-30,351
2013-10-01,287
2013-10-02,353
2013-10-03,332
2013-10-04,290
2013-10-05,304
2013-10-06,331
2013-10-07,363
2013-10-08,321
2013-10-09,335
2013-10-10,328
2013-10-11,315
2013-10-12,326
2013-10-13,319
2013-10-14,341
2013-10-15,291
2013-10-16,306
2013-10-17,366
2013-10-18,337
2013-10-19,319
2013-10-20,334
2013-10-21,371
2013-10-22,360
2013-10-23,326
2013-10-24,352
2013-10-25,349
2013-10-26,285
2013-10-27,351
2013-10-28,320
2013-10-29,298
2013-10-30,321
2013-10-31,287
2013-11-01,319
2013-11-02,303
2013-11-03,326
2013-11-04,344
2013-11-05,328
2013-11-06,302
2013-11-07,329
2013-11-08,321
2013-11-09,253
2013-11-10,296
2013-11-11,344
2013-11-12,318
2013-11-13,319
2013-11-14,295
2013-11-15,313
2013-11-16,296
2013-11-17,319
2013-11-18,343
2013-11-19,334
2013-11-20,327
2013-11-21,302
2013-11-22,294
2013-11-23,290
2013-11-24,335
2013-11-25,352
2013-11-26,294
2013-11-27,309
2013-11-28,302
2013-11-29,308
2013-11-30,308
2013-12-01,351
2013-12-02,366
2013-12-03,292
2013-12-04,299
2013-12-05,323
2013-12-06,265
2013-12-07,303
2013-12-08,342
2013-12-09,354
2013-12-10,304
2013-12-11,314
2013-12-12,295
2013-12-13,288
2013-12-14,285
2013-12-15,329
2013-12-16,360
2013-12-17,298
2013-12-18,300
2013-12-19,304
2013-12-20,279
2013-12-21,315
2013-12-22,318
2013-12-23,277
2013-12-24,259
2013-12-25,213
2013-12-26,309
2013-12-27,304
2013-12-28,291
2013-12-29,307
2013-12-30,323
2013-12-31,241
2014-01-01,298
2014-01-02,334
2014-01-03,305
2014-01-04,275
2014-01-05,286
2014-01-06,294
2014-01-07,287
2014-01-08,294
2014-01-09,270
2014-01-10,299
2014-01-11,278
2014-01-12,272
2014-01-13,325
2014-01-14,296
2014-01-15,272
2014-01-16,286
2014-01-17,290
2014-01-18,283
2014-01-19,267
2014-01-20,345
2014-01-21,302
2014-01-22,334
2014-01-23,301
2014-01-24,287
2014-01-25,303
2014-01-26,300
2014-01-27,318
2014-01-28,282
2014-01-29,318
2014-01-30,301
2014-01-31,302
2014-02-01,311
2014-02-02,336
2014-02-03,334
2014-02-04,324
2014-02-05,296
2014-02-06,299
2014-02-07,288
2014-02-08,329
2014-02-09,293
2014-02-10,346
2014-02-11,316
2014-02-12,291
2014-02-13,279
2014-02-14,279
2014-02-15,313
2014-02-16,298
2014-02-17,318
2014-02-18,287
2014-02-19,325
2014-02-20,316
2014-02-21,319
2014-02-22,295
2014-02-23,355
2014-02-24,349
2014-02-25,311
2014-02-26,316
2014-02-27,314
2014-02-28,316
2014-03-01,342
2014-03-02,351
2014-03-03,360
2014-03-04,340
2014-03-05,313
2014-03-06,336
2014-03-07,309
2014-03-08,326
2014-03-09,328
2014-03-10,385
2014-03-11,313
2014-03-12,334
2014-03-13,344
2014-03-14,328
2014-03-15,336
2014-03-16,351
2014-03-17,367
2014-03-18,345
2014-03-19,333
2014-03-20,317
2014-03-21,290
2014-03-22,342
2014-03-23,348
2014-03-24,379
2014-03-25,325
2014-03-26,300
2014-03-27,297
2014-03-28,290
2014-03-29,322
2014-03-30,336
2014-03-31,382
2014-04-01,340
2014-04-02,342
2014-04-03,322
2014-04-04,300
2014-04-05,292
2014-04-06,336
2014-04-07,337
2014-04-08,347
2014-04-09,333
2014-04-10,310
2014-04-11,312
2014-04-12,298
2014-04-13,335
2014-04-14,378
2014-04-15,343
2014-04-16,318
2014-04-17,320
2014-04-18,335
2014-04-19,363
2014-04-20,330
2014-04-21,311
2014-04-22,319
2014-04-23,340
2014-04-24,342
2014-04-25,305
2014-04-26,298
2014-04-27,344
2014-04-28,354
2014-04-29,332
2014-04-30,339
2014-05-01,342
2014-05-02,305
2014-05-03,318
2014-05-04,355
2014-05-05,353
2014-05-06,357
2014-05-07,360
2014-05-08,364
2014-05-09,355
2014-05-10,307
2014-05-11,332
2014-05-12,388
2014-05-13,313
2014-05-14,357
2014-05-15,358
2014-05-16,339
2014-05-17,385
2014-05-18,322
2014-05-19,374
2014-05-20,344
2014-05-21,371
2014-05-22,309
2014-05-23,327
2014-05-24,318
2014-05-25,321
2014-05-26,311
2014-05-27,322
2014-05-28,329
2014-05-29,362
2014-05-30,317
2014-05-31,354
2014-06-01,351
2014-06-02,338
2014-06-03,360
2014-06-04,330
2014-06-05,355
2014-06-06,340
2014-06-07,304
2014-06-08,335
2014-06-09,365
2014-06-10,337
2014-06-11,363
2014-06-12,340
2014-06-13,323
2014-06-14,316
2014-06-15,360
2014-06-16,360
2014-06-17,325
2014-06-18,360
2014-06-19,331
2014-06-20,326
2014-06-21,338
2014-06-22,352
2014-06-23,400
2014-06-24,340
2014-06-25,353
2014-06-26,326
2014-06-27,321
2014-06-28,325
2014-06-29,362
2014-06-30,383
2014-07-01,348
2014-07-02,323
2014-07-03,329
2014-07-04,325
2014-07-05,325
2014-07-06,322
2014-07-07,393
2014-07-08,373
2014-07-09,345
2014-07-10,362
2014-07-11,364
2014-07-12,295
2014-07-13,360
2014-07-14,400
2014-07-15,364
2014-07-16,339
2014-07-17,374
2014-07-18,324
2014-07-19,370
2014-07-20,363
2014-07-21,393
2014-07-22,368
2014-07-23,354
2014-07-24,315
2014-07-25,335
2014-07-26,352
2014-07-27,337
2014-07-28,369
2014-07-29,336
2014-07-30,350
2014-07-31,341
2014-08-01,312
2014-08-02,288
2014-08-03,307
2014-08-04,353
2014-08-05,295
2014-08-06,292
2014-08-07,345
2014-08-08,312
2014-08-09,315
2014-08-10,322
2014-08-11,359
2014-08-12,301
2014-08-13,313
2014-08-14,300
2014-08-15,313
2014-08-16,310
2014-08-17,299
2014-08-18,327
2014-08-19,275
2014-08-20,296
2014-08-21,313
2014-08-22,322
2014-08-23,316
2014-08-24,319
2014-08-25,321
2014-08-26,310
2014-08-27,292
2014-08-28,300
2014-08-29,287
2014-08-30,334
2014-08-31,325
2014-09-01,318
2014-09-02,339
2014-09-03,339
2014-09-04,279
2014-09-05,337
2014-09-06,315
2014-09-07,333
2014-09-08,330
2014-09-09,300
2014-09-10,301
2014-09-11,339
2014-09-12,310
2014-09-13,321
2014-09-14,360
2014-09-15,372
2014-09-16,331
2014-09-17,326
2014-09-18,344
2014-09-19,337
2014-09-20,289
2014-09-21,327
2014-09-22,386
2014-09-23,354
2014-09-24,300
2014-09-25,303
2014-09-26,287
2014-09-27,323
2014-09-28,347
2014-09-29,382
2014-09-30,301
2014-10-01,350
2014-10-02,350
2014-10-03,282
2014-10-04,323
2014-10-05,327
2014-10-06,325
2014-10-07,308
2014-10-08,316
2014-10-09,312
2014-10-10,293
2014-10-11,343
2014-10-12,323
2014-10-13,340
2014-10-14,311
2014-10-15,305
2014-10-16,324
2014-10-17,311
2014-10-18,336
2014-10-19,360
2014-10-20,356
2014-10-21,340
2014-10-22,327
2014-10-23,319
2014-10-24,350
2014-10-25,309
2014-10-26,321
2014-10-27,369
2014-10-28,287
2014-10-29,292
2014-10-30,327
2014-10-31,263
2014-11-01,300
2014-11-02,338
2014-11-03,348
2014-11-04,316
2014-11-05,312
2014-11-06,317
2014-11-07,293
2014-11-08,314
2014-11-09,326
2014-11-10,368
2014-11-11,318
2014-11-12,325
2014-11-13,291
2014-11-14,315
2014-11-15,316
2014-11-16,343
2014-11-17,345
2014-11-18,316
2014-11-19,314
2014-11-20,300
2014-11-21,344
2014-11-22,323
2014-11-23,311
2014-11-24,316
2014-11-25,321
2014-11-26,309
2014-11-27,292
2014-11-28,293
2014-11-29,318
2014-11-30,373
2014-12-01,338
2014-12-02,319
2014-12-03,340
2014-12-04,341
2014-12-05,283
2014-12-06,332
2014-12-07,359
2014-12-08,344
2014-12-09,295
2014-12-10,295
2014-12-11,272
2014-12-12,304
2014-12-13,308
2014-12-14,335
2014-12-15,350
2014-12-16,297
2014-12-17,300
2014-12-18,282
2014-12-19,284
2014-12-20,315
2014-12-21,320
2014-12-22,336
2014-12-23,288
2014-12-24,240
2014-12-25,213
2014-12-26,328
2014-12-27,338
2014-12-28,291
2014-12-29,315
2014-12-30,302
2014-12-31,242
2015-01-01,302
2015-01-02,302
2015-01-03,313
2015-01-04,322
2015-01-05,307
2015-01-06,289
2015-01-07,275
2015-01-08,281
2015-01-09,273
2015-01-10,286
2015-01-11,265
2015-01-12,305
2015-01-13,290
2015-01-14,278
2015-01-15,289
2015-01-16,263
2015-01-17,264
2015-01-18,279
2015-01-19,307
2015-01-20,209
2015-01-21,283
2015-01-22,312
2015-01-23,276
2015-01-24,303
2015-01-25,294
2015-01-26,321
2015-01-27,313
2015-01-28,295
2015-01-29,291
2015-01-30,308
2015-01-31,280
2015-02-01,309
2015-02-02,323
2015-02-03,292
2015-02-04,292
2015-02-05,298
2015-02-06,305
2015-02-07,305
2015-02-08,317
2015-02-09,341
2015-02-10,296
2015-02-11,333
2015-02-12,299
2015-02-13,299
2015-02-14,279
2015-02-15,295
2015-02-16,292
2015-02-17,299
2015-02-18,299
2015-02-19,288
2015-02-20,273
2015-02-21,274
2015-02-22,287
2015-02-23,359
2015-02-24,327
2015-02-25,336
2015-02-26,300
2015-02-27,283
2015-02-28,290
2015-03-01,330
2015-03-02,338
2015-03-03,328
2015-03-04,313
2015-03-05,285
2015-03-06,306
2015-03-07,322
2015-03-08,336
2015-03-09,330
2015-03-10,323
2015-03-11,325
2015-03-12,317
2015-03-13,327
2015-03-14,312
2015-03-15,281
2015-03-16,334
2015-03-17,315
2015-03-18,349
2015-03-19,317
2015-03-20,296
2015-03-21,286
2015-03-22,314
2015-03-23,399
2015-03-24,332
2015-03-25,342
2015-03-26,308
2015-03-27,306
2015-03-28,299
2015-03-29,328
2015-03-30,331
2015-03-31,353
2015-04-01,318
2015-04-02,308
2015-04-03,295
2015-04-04,285
2015-04-05,342
2015-04-06,348
2015-04-07,356
2015-04-08,321
2015-04-09,324
2015-04-10,331
2015-04-11,290
2015-04-12,309
2015-04-13,355
2015-04-14,313
2015-04-15,295
2015-04-16,289
2015-04-17,278
2015-04-18,333
2015-04-19,318
2015-04-20,343
2015-04-21,303
2015-04-22,331
2015-04-23,333
2015-04-24,329
2015-04-25,304
2015-04-26,304
2015-04-27,345
2015-04-28,302
2015-04-29,299
2015-04-30,318
2015-05-01,327
2015-05-02,330
2015-05-03,325
2015-05-04,356
2015-05-05,352
2015-05-06,327
2015-05-07,317
2015-05-08,320
2015-05-09,346
2015-05-10,338
2015-05-11,376
2015-05-12,337
2015-05-13,345
2015-05-14,314
2015-05-15,327
2015-05-16,312
2015-05-17,299
2015-05-18,359
2015-05-19,331
2015-05-20,353
2015-05-21,308
2015-05-22,341
2015-05-23,321
2015-05-24,342
2015-05-25,344
2015-05-26,340
2015-05-27,327
2015-05-28,308
2015-05-29,297
2015-05-30,286
2015-05-31,318
2015-06-01,328
2015-06-02,327
2015-06-03,313
2015-06-04,334
2015-06-05,335
2015-06-06,306
2015-06-07,334
2015-06-08,414
2015-06-09,326
2015-06-10,336
2015-06-11,301
2015-06-12,308
2015-06-13,319
2015-06-14,315
2015-06-15,381
2015-06-16,344
2015-06-17,335
2015-06-18,321
2015-06-19,326
2015-06-20,332
2015-06-21,318
2015-06-22,373
2015-06-23,328
2015-06-24,311
2015-06-25,298
2015-06-26,311
2015-06-27,312
2015-06-28,304
2015-06-29,411
2015-06-30,345
2015-07-01,328
2015-07-02,321
2015-07-03,364
2015-07-04,346
2015-07-05,351
2015-07-06,363
2015-07-07,367
2015-07-08,334
2015-07-09,317
2015-07-10,299
2015-07-11,338
2015-07-12,337
2015-07-13,392
2015-07-14,341
2015-07-15,342
2015-07-16,334
2015-07-17,333
2015-07-18,333
2015-07-19,355
2015-07-20,357
2015-07-21,297
2015-07-22,323
2015-07-23,288
2015-07-24,296
2015-07-25,306
2015-07-26,339
2015-07-27,362
2015-07-28,309
2015-07-29,303
2015-07-30,296
2015-07-31,336
2015-08-01,296
2015-08-02,313
2015-08-03,341
2015-08-04,317
2015-08-05,310
2015-08-06,322
2015-08-07,340
2015-08-08,338
2015-08-09,333
2015-08-10,346
2015-08-11,305
2015-08-12,307
2015-08-13,320
2015-08-14,329
2015-08-15,313
2015-08-16,314
2015-08-17,361
2015-08-18,311
2015-08-19,298
2015-08-20,288
2015-08-21,314
2015-08-22,270
2015-08-23,293
2015-08-24,279
2015-08-25,292
2015-08-26,307
2015-08-27,327
2015-08-28,295
2015-08-29,298
2015-08-30,329
2015-08-31,351
2015-09-01,355
2015-09-02,336
2015-09-03,333
2015-09-04,278
2015-09-05,303
2015-09-06,336
2015-09-07,364
2015-09-08,312
2015-09-09,318
2015-09-10,310
2015-09-11,298
2015-09-12,301
2015-09-13,344
2015-09-14,323
2015-09-15,307
2015-09-16,305
2015-09-17,326
2015-09-18,321
2015-09-19,285
2015-09-20,315
2015-09-21,353
2015-09-22,323
2015-09-23,306
2015-09-24,310
2015-09-25,316
2015-09-26,326
2015-09-27,315
2015-09-28,410
2015-09-29,326
2015-09-30,329
2015-10-01,314
2015-10-02,316
2015-10-03,327
2015-10-04,373
2015-10-05,357
2015-10-06,343
2015-10-07,319
2015-10-08,327
2015-10-09,281
2015-10-10,339
2015-10-11,341
2015-10-12,357
2015-10-13,327
2015-10-14,295
2015-10-15,323
2015-10-16,286
2015-10-17,316
2015-10-18,345
2015-10-19,363
2015-10-20,300
2015-10-21,321
2015-10-22,343
2015-10-23,323
2015-10-24,283
2015-10-25,347
2015-10-26,336
2015-10-27,336
2015-10-28,325
2015-10-29,329
2015-10-30,324
2015-10-31,301
2015-11-01,332
2015-11-02,340
2015-11-03,331
2015-11-04,345
2015-11-05,337
2015-11-06,322
2015-11-07,347
2015-11-08,311
2015-11-09,389
2015-11-10,313
2015-11-11,323
2015-11-12,335
2015-11-13,320
2015-11-14,306
2015-11-15,323
2015-11-16,366
2015-11-17,305
2015-11-18,328
2015-11-19,321
2015-11-20,335
2015-11-21,315
2015-11-22,339
2015-11-23,404
2015-11-24,313
2015-11-25,330
2015-11-26,333
2015-11-27,324
2015-11-28,333
2015-11-29,324
2015-11-30,349
2015-12-01,315
2015-12-02,341
2015-12-03,336
2015-12-04,310
2015-12-05,313
2015-12-06,369
2015-12-07,392
2015-12-08,336
2015-12-09,308
2015-12-10,325
2015-12-11,294
2015-12-12,307
2015-12-13,349
2015-12-14,370
2015-12-15,322
2015-12-16,311
2015-12-17,294
2015-12-18,290
2015-12-19,343
2015-12-20,304
2015-12-21,345
2015-12-22,301
2015-12-23,283
2015-12-24,251
2015-12-25,225
2015-12-26,318
2015-12-27,294
2015-12-28,340
2015-12-29,303
2015-12-30,336
2015-12-31,285
2016-01-01,329
2016-01-02,338
2016-01-03,338
2016-01-04,337
2016-01-05,369
2016-01-06,291
2016-01-07,298
2016-01-08,313
2016-01-09,333
2016-01-10,284
2016-01-11,369
2016-01-12,264
2016-01-13,299
2016-01-14,298
2016-01-15,286
2016-01-16,319
2016-01-17,306
2016-01-18,333
2016-01-19,313
2016-01-20,286
2016-01-21,301
2016-01-22,327
2016-01-23,305
2016-01-24,338
2016-01-25,387
2016-01-26,309
2016-01-27,364
2016-01-28,371
2016-01-29,337
2016-01-30,362
2016-01-31,356
2016-02-01,422
2016-02-02,324
2016-02-03,347
2016-02-04,351
2016-02-05,337
2016-02-06,322
2016-02-07,337
2016-02-08,419
2016-02-09,358
2016-02-10,341
2016-02-11,343
2016-02-12,313
2016-02-13,311
2016-02-14,332
2016-02-15,346
2016-02-16,322
2016-02-17,301
2016-02-18,295
2016-02-19,315
2016-02-20,328
2016-02-21,326
2016-02-22,378
2016-02-23,377
2016-02-24,335
2016-02-25,309
2016-02-26,335
2016-02-27,330
2016-02-28,369
2016-02-29,370
2016-03-01,343
2016-03-02,350
2016-03-03,367
2016-03-04,345
2016-03-05,348
2016-03-06,371
2016-03-07,423
2016-03-08,380
2016-03-09,299
2016-03-10,342
2016-03-11,343
2016-03-12,333
2016-03-13,349
2016-03-14,359
2016-03-15,330
2016-03-16,351
2016-03-17,354
2016-03-18,347
2016-03-19,360
2016-03-20,359
2016-03-21,393
2016-03-22,361
2016-03-23,353
2016-03-24,369
2016-03-25,346
2016-03-26,364
2016-03-27,323
2016-03-28,342
2016-03-29,383
2016-03-30,348
2016-03-31,360
2016-04-01,330
2016-04-02,337
2016-04-03,353
2016-04-04,376
2016-04-05,369
2016-04-06,265
2016-04-07,285
2016-04-08,337
2016-04-09,281
2016-04-10,342
2016-04-11,392
2016-04-12,329
2016-04-13,346
2016-04-14,366
2016-04-15,329
2016-04-16,290
2016-04-17,342
2016-04-18,366
2016-04-19,370
2016-04-20,325
2016-04-21,357
2016-04-22,342
2016-04-23,339
2016-04-24,357
2016-04-25,357
2016-04-26,270
2016-04-27,277
2016-04-28,302
2016-04-29,313
2016-04-30,338
2016-05-01,320
2016-05-02,344
2016-05-03,343
2016-05-04,331
2016-05-05,341
2016-05-06,353
2016-05-07,329
2016-05-08,354
2016-05-09,392
2016-05-10,372
2016-05-11,348
2016-05-12,379
2016-05-13,363
2016-05-14,340
2016-05-15,342
2016-05-16,385
2016-05-17,360
2016-05-18,328
2016-05-19,322
2016-05-20,326
2016-05-21,292
2016-05-22,308
2016-05-23,374
2016-05-24,374
2016-05-25,327
2016-05-26,348
2016-05-27,317
2016-05-28,340
2016-05-29,385
2016-05-30,362
2016-05-31,358
2016-06-01,341
2016-06-02,327
2016-06-03,335
2016-06-04,354
2016-06-05,343
2016-06-06,413
2016-06-07,387
2016-06-08,368
2016-06-09,367
2016-06-10,394
2016-06-11,334
2016-06-12,346
2016-06-13,382
2016-06-14,356
2016-06-15,344
2016-06-16,354
2016-06-17,354
2016-06-18,335
2016-06-19,305
2016-06-20,353
2016-06-21,351
2016-06-22,310
2016-06-23,337
2016-06-24,347
2016-06-25,338
2016-06-26,344
2016-06-27,394
2016-06-28,343
2016-06-29,321
2016-06-30,342
2016-07-01,332
2016-07-02,325
2016-07-03,378
2016-07-04,403
2016-07-05,342
2016-07-06,340
2016-07-07,394
2016-07-08,384
2016-07-09,342
2016-07-10,372
2016-07-11,427
2016-07-12,341
2016-07-13,354
2016-07-14,351
2016-07-15,344
2016-07-16,366
2016-07-17,393
2016-07-18,403
2016-07-19,348
2016-07-20,354
2016-07-21,335
2016-07-22,349
2016-07-23,361
2016-07-24,367
2016-07-25,414
2016-07-26,382
2016-07-27,347
2016-07-28,326
2016-07-29,333
2016-07-30,322
2016-07-31,309
2016-08-01,376
2016-08-02,371
2016-08-03,334
2016-08-04,350
2016-08-05,332
2016-08-06,349
2016-08-07,305
2016-08-08,369
2016-08-09,322
2016-08-10,296
2016-08-11,337
2016-08-12,304
2016-08-13,321
2016-08-14,326
2016-08-15,372
2016-08-16,364
2016-08-17,311
2016-08-18,309
2016-08-19,324
2016-08-20,282
2016-08-21,298
2016-08-22,368
2016-08-23,366
2016-08-24,348
2016-08-25,330
2016-08-26,318
2016-08-27,340
2016-08-28,348
2016-08-29,329
2016-08-30,373
2016-08-31,330
2016-09-01,324
2016-09-02,309
2016-09-03,255
2016-09-04,326
2016-09-05,381
2016-09-06,326
2016-09-07,339
2016-09-08,354
2016-09-09,317
2016-09-10,319
2016-09-11,353
2016-09-12,405
2016-09-13,326
2016-09-14,333
2016-09-15,369
2016-09-16,318
2016-09-17,344
2016-09-18,340
2016-09-19,391
2016-09-20,394
2016-09-21,355
2016-09-22,349
2016-09-23,349
2016-09-24,337
2016-09-25,356
2016-09-26,363
2016-09-27,386
2016-09-28,361
2016-09-29,363
2016-09-30,379
2016-10-01,321
2016-10-02,348
2016-10-03,386
2016-10-04,376
2016-10-05,326
2016-10-06,352
2016-10-07,347
2016-10-08,321
2016-10-09,402
2016-10-10,400
2016-10-11,357
2016-10-12,342
2016-10-13,355
2016-10-14,334
2016-10-15,333
2016-10-16,354
2016-10-17,393
2016-10-18,360
2016-10-19,355
2016-10-20,365
2016-10-21,331
2016-10-22,359
2016-10-23,323
2016-10-24,382
2016-10-25,342
2016-10-26,329
2016-10-27,291
2016-10-28,314
2016-10-29,300
2016-10-30,348
2016-10-31,372
2016-11-01,342
2016-11-02,326
2016-11-03,306
2016-11-04,314
2016-11-05,277
2016-11-06,338
2016-11-07,403
2016-11-08,345
2016-11-09,357
2016-11-10,344
2016-11-11,337
2016-11-12,314
2016-11-13,350
2016-11-14,382
2016-11-15,349
2016-11-16,374
2016-11-17,374
2016-11-18,342
2016-11-19,311
2016-11-20,341
2016-11-21,403
2016-11-22,354
2016-11-23,354
2016-11-24,310
2016-11-25,332
2016-11-26,338
2016-11-27,356
2016-11-28,372
2016-11-29,342
2016-11-30,362
2016-12-01,301
2016-12-02,326
2016-12-03,317
2016-12-04,351
2016-12-05,381
2016-12-06,363
2016-12-07,337
2016-12-08,332
2016-12-09,347
2016-12-10,341
2016-12-11,366
2016-12-12,420
2016-12-13,387
2016-12-14,355
2016-12-15,336
2016-12-16,338
2016-12-17,331
2016-12-18,308
2016-12-19,369
2016-12-20,312
2016-12-21,319
2016-12-22,352
2016-12-23,270
2016-12-24,283
2016-12-25,254
2016-12-26,302
2016-12-27,345
2016-12-28,349
2016-12-29,330
2016-12-30,313
2016-12-31,315
2017-01-01,333
2017-01-02,357
2017-01-03,374
2017-01-04,362
2017-01-05,341
2017-01-06,310
2017-01-07,340
2017-01-08,338
2017-01-09,324
2017-01-10,336
2017-01-11,344
2017-01-12,269
2017-01-13,289
2017-01-14,279
2017-01-15,333
2017-01-16,336
2017-01-17,328
2017-01-18,351
2017-01-19,304
2017-01-20,318
2017-01-21,304
2017-01-22,292
2017-01-23,308
2017-01-24,357
2017-01-25,340
2017-01-26,297
2017-01-27,347
2017-01-28,334
2017-01-29,311
2017-01-30,343
2017-01-31,326
2017-02-01,333
2017-02-02,367
2017-02-03,326
2017-02-04,336
2017-02-05,362
2017-02-06,334
2017-02-07,332
2017-02-08,308
2017-02-09,296
2017-02-10,330
2017-02-11,311
2017-02-12,317
2017-02-13,384
2017-02-14,349
2017-02-15,334
2017-02-16,329
2017-02-17,314
2017-02-18,316
2017-02-19,336
2017-02-20,349
2017-02-21,357
2017-02-22,313
2017-02-23,294
2017-02-24,346
2017-02-25,300
2017-02-26,302
2017-02-27,350
2017-02-28,335
2017-03-01,332
2017-03-02,340
2017-03-03,336
2017-03-04,319
2017-03-05,318
2017-03-06,345
2017-03-07,348
2017-03-08,387
2017-03-09,333
2017-03-10,348
2017-03-11,332
2017-03-12,339
2017-03-13,389
2017-03-14,358
2017-03-15,359
2017-03-16,334
2017-03-17,331
2017-03-18,350
2017-03-19,342
2017-03-20,396
2017-03-21,363
2017-03-22,363
2017-03-23,327
2017-03-24,305
2017-03-25,321
2017-03-26,361
2017-03-27,405
2017-03-28,343
2017-03-29,352
2017-03-30,358
2017-03-31,302
2017-04-01,315
2017-04-02,357
2017-04-03,386
2017-04-04,327
2017-04-05,351
2017-04-06,370
2017-04-07,308
2017-04-08,338
2017-04-09,349
2017-04-10,367
2017-04-11,347
2017-04-12,335
2017-04-13,346
2017-04-14,327
2017-04-15,330
2017-04-16,333
2017-04-17,379
2017-04-18,338
2017-04-19,297
2017-04-20,326
2017-04-21,342
2017-04-22,304
2017-04-23,321
2017-04-24,354
2017-04-25,335
2017-04-26,355
2017-04-27,320
2017-04-28,350
2017-04-29,338
2017-04-30,347
2017-05-01,356
2017-05-02,375
2017-05-03,340
2017-05-04,345
2017-05-05,327
2017-05-06,357
2017-05-07,367
2017-05-08,384
2017-05-09,349
2017-05-10,329
2017-05-11,357
2017-05-12,342
2017-05-13,331
2017-05-14,349
2017-05-15,377
2017-05-16,364
2017-05-17,354
2017-05-18,373
2017-05-19,354
2017-05-20,317
2017-05-21,356
2017-05-22,446
2017-05-23,393
2017-05-24,362
2017-05-25,356
2017-05-26,355
2017-05-27,336
2017-05-28,367
2017-05-29,364
2017-05-30,362
2017-05-31,339
